mean_rbo,mean_avg_variance,mean_min_variance,mean_max_variance,valid_queries,experiment_type,p_value,k_value,k_runs
0.6020965689938047,7.321395886920095,0.0,75.44663964876732,47,k_runs_test,0.9,,10
0.7238613971570264,5.078331605687818,0.0,53.46692214008874,47,k_runs_test,0.9,,25
0.76266302377035,4.590591285238862,0.0,48.65245606574295,47,k_runs_test,0.9,,50
0.7682866488807064,4.614629532798239,0.0,48.7395088977737,47,k_runs_test,0.9,,75
0.7735813081274295,4.539277267547176,0.0,47.04021780715347,47,k_runs_test,0.9,,100
