mean_rbo,mean_avg_variance,mean_min_variance,mean_max_variance,valid_queries,experiment_type,p_value,k_value,k_runs
0.2647089781890438,7.321395886920095,0.0,75.44663964876732,47,k_value_test,0.9,5,10
0.43594899174236107,7.321395886920095,0.0,75.44663964876732,47,k_value_test,0.9,10,10
0.5398897728688211,7.321395886920095,0.0,75.44663964876732,47,k_value_test,0.9,15,10
0.6020965689938047,7.321395886920095,0.0,75.44663964876732,47,k_value_test,0.9,20,10
