mean_rbo,mean_avg_variance,mean_min_variance,mean_max_variance,valid_queries,experiment_type,p_value,k_value,k_runs
0.617138066331373,7.321395886920095,0.0,75.44663964876732,47,p_value_test,0.3,,10
0.6285533477935048,7.321395886920095,0.0,75.44663964876732,47,p_value_test,0.5,,10
0.6481952719287986,7.321395886920095,0.0,75.44663964876732,47,p_value_test,0.7,,10
0.6020965689938047,7.321395886920095,0.0,75.44663964876732,47,p_value_test,0.9,,10
